stock_name,final_score,sentiment_score,technical_score,frequency_score,bert_score,news_count,date_range,avg_freshness,rating
일라이 릴리,69.89520541640451,77.33649595541448,52.29411764705882,95.65714285714286,41.40943168692509,50,2025-07-16 ~ 2025-07-28,0.51,✅ 호재
버텍스 파마슈티컬스,69.81743120833426,74.75637383099941,52.38295600170866,100.0,41.999948754219005,56,2024-10-07 ~ 2025-07-03,0.46621083377588957,✅ 호재
얼타 뷰티,69.6226702353417,72.21622693857296,61.710486513738346,90.36077705827937,41.50878094135138,47,2025-02-19 ~ 2025-07-28,0.5308443730764084,✅ 호재
넥스트에라 에너지,69.5865581282689,73.81674920450146,53.2732999187212,100.0,40.778684708519705,55,2024-10-31 ~ 2025-07-01,0.5523381967826413,✅ 호재
엔비디아,69.53230257706264,60.22984565880698,71.0,100.0,41.40364313539841,86,2025-07-28 ~ 2025-07-29,0.43023255813953487,✅ 호재
필립 모리스 인터내셔널,68.96713515551171,69.11502653239688,64.18305855599773,89.96765010351966,40.72676955049717,48,2025-02-06 ~ 2025-07-21,0.4441919191919192,✅ 호재
비아트리스,68.82633827560733,78.35376890121644,44.729395912867744,100.0,40.6601194126042,51,2024-02-13 ~ 2025-06-24,0.5270446206651673,✅ 호재
아리스타 네트웍스,68.59921111306802,65.87937932059576,60.99200556134863,98.9698816360014,41.558813892248416,53,2024-07-08 ~ 2025-07-09,0.44494277760593876,✅ 호재
존슨앤드존슨,68.27247821132674,76.32476753997881,52.45054945054946,89.550983436853,40.97209672799778,48,2025-07-11 ~ 2025-07-28,0.3345588235294117,✅ 호재
브로드컴,68.15678945571156,60.754586168418896,71.0,92.10292812777286,41.343693627894304,49,2025-07-22 ~ 2025-07-28,0.380952380952381,✅ 호재
파워,68.0874968997025,70.50563970938073,80.0,59.594547964113175,39.663314231275734,36,2025-07-28 ~ 2025-07-30,0.3055555555555556,✅ 호재
길리어드 사이언스,67.89511369304944,80.74730129217623,60.23946515397082,67.63321346845375,39.97710936296961,38,2025-03-18 ~ 2025-07-29,0.4883260783537793,✅ 호재
블랙스톤,67.03751778197098,53.44645201080387,73.25,98.39727195225917,40.044825871975895,51,2025-07-16 ~ 2025-07-29,0.473604826546003,✅ 호재
포티브,66.91281167736581,82.9650767578638,50.776404655841354,71.2517916865743,42.43501240153032,39,2024-01-16 ~ 2025-06-03,0.3540394790394791,✅ 호재
카니발,66.77753796800859,63.744310258709554,73.65384615384616,74.99924253900924,41.83811510569061,41,2025-07-23 ~ 2025-07-30,0.27177700348432055,✅ 호재
덱스콤,66.61990212043544,75.61859659333453,48.02590308370044,89.08418131359852,41.47856295271798,47,2024-07-28 ~ 2025-07-17,0.3410866690708018,✅ 호재
바이오젠,66.59969186500012,73.09316709596888,45.107692307692304,98.45714285714286,41.38688762876309,50,2025-06-10 ~ 2025-07-29,0.5306122448979592,✅ 호재
인튜이티브 서지컬,66.58104018225187,67.67907836094156,51.282608695652186,100.0,41.246262291795766,52,2025-04-21 ~ 2025-07-25,0.4748987854251011,✅ 호재
골드만 삭스 그룹,66.11219493932064,56.75823807931196,69.70149253731341,91.85013876040703,41.28424194320432,47,2025-07-19 ~ 2025-07-29,0.570212765957447,✅ 호재
린데,65.75283347467301,68.14381847384979,51.14571076754686,95.77639751552795,39.96313351763441,49,2024-11-21 ~ 2025-07-22,0.6138405979675821,✅ 호재
노스롭 그루먼,65.03500562393369,75.02234533780523,58.27421383647798,66.58058188950638,42.27686959966921,38,2025-06-05 ~ 2025-07-29,0.3874269005847953,✅ 호재
홀로직,64.80371972556871,74.16733290195175,48.907506053268776,81.25258799171843,42.14017150463691,42,2024-01-16 ~ 2025-07-01,0.6469298245614035,✅ 호재
도미니언 에너지,64.67484794005433,61.27525755604987,53.60314039408867,99.17447769621684,42.48907260164411,55,2024-10-16 ~ 2025-06-30,0.1148921117792713,✅ 호재
마이크로소프트,64.06238991376141,52.132721159131094,63.5,100.0,41.59301450108975,65,2025-07-28 ~ 2025-07-29,0.3230769230769231,✅ 호재
테슬라,64.03085578652492,57.30024908052063,57.5,98.50931677018633,41.58892800279405,48,2025-07-28 ~ 2025-07-28,1.0,✅ 호재
모간 스탠리,63.98112977493153,53.13698516519299,61.98050139275765,100.0,41.32185291027039,57,2025-06-16 ~ 2025-07-29,0.4394124847001224,✅ 호재
에너지 그룹,63.920476055548896,58.65683735320697,54.5,100.0,41.07741114266113,50,2025-07-30 ~ 2025-07-30,1.0,✅ 호재
크로거,63.89314322172673,79.50121682072728,53.71063829787232,59.594547964113175,40.60555411251482,36,2025-05-14 ~ 2025-07-14,0.3210382513661203,✅ 호재
마이크론 테크놀로지,63.724405160150184,63.629506440047564,59.16257668711657,81.79841897233202,41.64145783529774,44,2025-06-25 ~ 2025-07-28,0.3367768595041322,✅ 호재
어플라이드 머티리얼즈,63.61797028592872,61.5466222151783,50.7332285115304,98.00511508951408,41.783298284954626,51,2025-01-06 ~ 2025-06-25,0.3301038062283737,✅ 호재
엑셀 에너지,63.50279031077137,68.43835779708971,54.988461538461536,77.68115942028984,40.946768463390484,42,2025-03-09 ~ 2025-07-30,0.5194805194805195,✅ 호재
그룹,63.45014056973926,53.24680065931559,60.5,100.0,40.01420306013026,52,2025-07-29 ~ 2025-07-29,1.0,✅ 호재
가트너,63.3605665387154,61.67856637042789,48.39690055962117,100.0,41.70069822657896,52,2025-04-24 ~ 2025-07-15,0.5447936210131332,✅ 호재
아이큐비아 홀딩스,63.35216487149834,86.68356210377327,50.97233409210297,46.07142857142857,41.72754088072425,28,2024-01-04 ~ 2025-02-25,0.4879528366370471,✅ 호재
뉴몬트,63.248557983403046,51.53656105304822,61.565753154574125,100.0,41.642076158115174,51,2024-04-25 ~ 2025-07-12,0.673482937192936,✅ 호재
텍사스 인스트루먼트,63.18339021743407,66.93800024994853,58.252803510482686,74.36801242236024,40.587465798377984,40,2025-04-24 ~ 2025-07-26,0.5513440860215054,✅ 호재
앱티브,63.06878339997562,64.33280864916739,52.96578581363005,86.47481021394064,41.50962153431524,45,2024-10-03 ~ 2025-07-21,0.5490645284459716,✅ 호재
아마존닷컴,62.98364228878278,54.15129532837964,59.87775551102204,96.25714285714287,41.083689326957376,50,2025-07-07 ~ 2025-07-28,0.47523809523809535,✅ 호재
메드트로닉,62.963267022026734,75.12135032684486,50.20887445887445,68.42268715266427,41.675271230935984,38,2025-02-20 ~ 2025-07-17,0.4962406015037594,✅ 호재
허니웰 인터내셔널,62.82181406871308,60.52447750563496,50.84581497797357,96.04433077578858,41.494124179093006,51,2024-12-17 ~ 2025-07-24,0.18291700241740536,✅ 호재
테라다인,62.79770663735315,72.66242448974681,52.876485461441206,68.75944267248614,41.17902668524841,37,2024-03-20 ~ 2025-07-13,0.6680743243243243,✅ 호재
램 리서치,62.7050482361266,56.57419187421516,59.56223175965664,90.175983436853,41.715052711729456,48,2025-05-18 ~ 2025-07-23,0.44128787878787884,✅ 호재
비스트라 에너지,62.64587330127966,61.0231400290623,65.1547381047581,72.53384296862558,41.834272645021926,39,2025-01-27 ~ 2025-06-21,0.442263483642794,✅ 호재
시스코 시스템즈,62.46644546715887,55.01205237856432,55.08546537273929,98.99700943179204,41.36583017552943,54,2024-11-10 ~ 2025-06-16,0.38515120625212373,✅ 호재
에퀴닉스,62.45013259221321,64.41506160027856,52.64740643466842,83.61660079051384,41.66565863598494,44,2024-01-25 ~ 2025-06-17,0.47602250401857477,✅ 호재
세미컨덕터,62.376154117762795,59.658725863569444,53.989569752281625,91.28660159716061,40.58472527218415,49,2025-04-20 ~ 2025-07-16,0.35984048791930556,✅ 호재
블록(스퀘어),62.219544634168464,49.76204276239095,67.17279411764706,90.47027506654837,40.68834280608292,49,2025-07-09 ~ 2025-07-28,0.2921589688506982,✅ 호재
인더스트리 홀딩스,62.13649989388545,58.60453861857389,55.00633015455442,90.78630897317299,40.355236054549664,47,2024-10-13 ~ 2025-07-14,0.4722783040844852,✅ 호재
리얼티 인컴,62.11634743723771,64.49658463181765,49.92838196286475,86.47481021394064,40.44236952863091,45,2024-12-07 ~ 2025-07-20,0.4468148148148146,✅ 호재
에너지,62.11163217130771,57.5743495148518,50.0,100.0,40.81892365366988,51,2025-07-30 ~ 2025-07-30,1.0,✅ 호재
씨티그룹,61.91146465425798,62.101352133371975,75.06382978723404,51.935483870967744,41.64678090545431,31,2025-07-15 ~ 2025-07-23,0.3790322580645161,✅ 호재
올스테이트,61.873731307156824,61.58215730431466,50.02354788069073,90.57354301572619,41.19095418078499,47,2025-07-08 ~ 2025-07-30,0.6160541586073501,✅ 호재
페덱스,61.794179082115676,69.38594028333301,48.30274566473989,76.96687370600414,41.556045281596674,42,2025-06-24 ~ 2025-07-24,0.5492063492063491,✅ 호재
화이자,61.68721831669445,69.52340637568311,51.21363636363637,71.7646121993948,41.608424174513345,39,2025-06-26 ~ 2025-07-29,0.4273504273504273,✅ 호재
아폴로 글로벌 매니지먼트,61.48132893585279,53.154487689714166,55.69823232323232,96.65714285714286,41.7863559156885,50,2025-04-28 ~ 2025-07-21,0.4714285714285715,✅ 호재
얌! 브랜드,61.42401487197218,59.03018157048338,48.977893801377476,95.05714285714286,41.071455319370116,50,2024-12-05 ~ 2025-06-25,0.44564356435643565,✅ 호재
에이온,61.415465106219344,59.508664660921305,52.86468763220985,88.04347826086956,41.43897300013952,46,2024-10-10 ~ 2025-07-22,0.540884820747521,✅ 호재
조에티스,61.257612081626895,70.49403660980146,51.10079721821729,67.94863186167534,41.40031899906059,37,2024-02-06 ~ 2025-07-21,0.6001425153967527,✅ 호재
캐터필러,61.01809219145058,56.17077834540831,60.910377358490564,80.9735663729597,40.819543711481444,43,2025-03-15 ~ 2025-07-27,0.42311697327316905,✅ 호재
콴타 서비스,60.901052062434175,57.64754085058179,58.584418837675344,80.50845009388993,41.65020052120868,43,2024-01-17 ~ 2025-01-30,0.36742958826777933,✅ 호재
블랙록,60.748539549233726,50.47914629219687,58.137168141592916,94.85714285714286,41.4430201844853,50,2025-07-19 ~ 2025-07-29,0.452,✅ 호재
제너럴 다이내믹스,60.38880250665136,60.03442611966298,50.824286846275754,84.91925465838509,41.43895073226428,45,2025-03-03 ~ 2025-07-17,0.41241830065359475,✅ 호재
로우스,60.38804647133964,68.25117993470599,52.3313715455476,66.31742399476953,41.24678234839066,38,2025-04-21 ~ 2025-07-22,0.558924485125858,✅ 호재
일렉트로닉 아츠,60.37550863179067,72.90117366384177,50.35232586758552,60.18085495067592,40.731704158431214,34,2024-03-19 ~ 2025-07-08,0.7531512605042017,✅ 호재
커넥티비티,60.35019437357186,71.4621952172502,64.18487394957982,41.52651696129957,42.04550709537921,26,2025-07-11 ~ 2025-07-23,0.38141025641025644,✅ 호재
켈로그,60.303623058273395,56.51816466612729,54.883050847457625,86.34387351778656,39.626672340278816,44,2025-05-21 ~ 2025-07-28,0.591577540106952,✅ 호재
스테이트 스트리트,60.2676688156143,50.81546430536778,66.39350912778905,79.11310125668064,42.008101037943426,43,2025-06-25 ~ 2025-07-30,0.32757475083056475,✅ 호재
A주,60.239586224530015,65.06104698721356,52.07722513089004,72.02102245580507,41.87795399216565,39,2025-04-02 ~ 2025-07-27,0.42219274977895677,✅ 호재
브리스톨-마이어스 스퀴브,60.15392150598609,83.2255937604732,51.9919028340081,35.14547237659366,42.370186762756425,19,2025-06-01 ~ 2025-07-23,0.4999999999999999,✅ 호재
디어,60.143156572043864,62.21809523812345,54.51437699680511,74.02363278291169,40.968788211706034,41,2025-06-26 ~ 2025-07-29,0.4626755358462675,✅ 호재
달러 트리,60.05986595078433,50.238584392350106,63.01628052598623,84.25258799171841,42.09030437704729,45,2025-04-27 ~ 2025-07-27,0.38998778998778993,✅ 호재
마이크로칩 테크놀로지,60.01757796289016,63.348802517030016,52.97545295149036,73.11801242236024,41.61818586159003,40,2025-03-31 ~ 2025-07-15,0.40353773584905656,✅ 호재
제이피모간 체이스,60.01711962434853,53.84282685006363,59.60673920377868,82.4802371541502,41.019196923594215,44,2024-01-07 ~ 2025-07-16,0.48463047743623283,✅ 호재
파이낸셜 서비스 그룹,60.0119356585658,55.67529292223159,60.595149253731336,76.96687370600414,41.698989723529316,42,2025-06-25 ~ 2025-07-29,0.3753501400560224,✅ 호재
워크데이,59.953682045194995,68.20909409974574,51.643389830508475,64.97565888870237,41.81895678403678,37,2025-05-28 ~ 2025-07-29,0.6429816913687881,😐 약간 호재
세일즈포스닷컴,59.85648271643884,57.7226490505444,53.518584312653736,82.4802371541502,42.158003715949135,44,2024-04-22 ~ 2025-06-24,0.3885938827527612,😐 약간 호재
뱅크 오브 뉴욕 멜론,59.843181901969736,46.640795877887285,59.33015267175573,96.25714285714287,41.363891778595246,50,2024-05-31 ~ 2025-07-16,0.49722627737226277,😐 약간 호재
델 테크놀로지스,59.83814202574461,60.49195781923942,56.13787281935848,73.36801242236024,41.26394567769252,40,2025-04-04 ~ 2025-07-23,0.4038636363636363,😐 약간 호재
인더스트리즈,59.83298843896619,57.971468187745955,49.91969086021506,88.04347826086956,40.597982536293756,46,2024-07-13 ~ 2025-07-30,0.5080810380150238,😐 약간 호재
퀄컴,59.602149292340556,69.93375564422628,49.99999999999998,62.094547964113175,42.09737441827412,36,2025-07-23 ~ 2025-07-29,0.6111111111111112,😐 약간 호재
프로로지스,59.54659997015466,53.41130732369757,51.91512622794969,92.06290471785384,41.949582287199554,47,2024-08-06 ~ 2025-06-23,0.6274938688937497,😐 약간 호재
코스트코 홀세일,59.46226971235596,46.20606684439643,56.29720349067831,99.90175042348956,41.103318426959866,55,2024-11-18 ~ 2025-06-16,0.43653679653679656,😐 약간 호재
뱅코프,59.338068914285,49.3853268363821,52.277433877321315,98.59335038363172,41.82037939809417,51,2024-09-19 ~ 2025-07-05,0.36169346631386123,😐 약간 호재
젠 디지털,59.307372239487854,66.35871421858462,56.268275428391746,59.04347826086956,40.74708271362574,35,2024-07-17 ~ 2025-07-26,0.48594346829640955,😐 약간 호재
부킹 홀딩스,59.14461526437019,50.22548958130533,58.43207792207793,86.73913043478261,41.76969968268152,46,2024-05-16 ~ 2025-07-21,0.38837889639866835,😐 약간 호재
하우멧 에어로스페이스,59.132044960801835,56.03882353001076,66.33220512820515,63.20565907522428,41.75722195291126,36,2024-02-14 ~ 2025-07-06,0.5331364829396325,😐 약간 호재
프로그레시브,58.984721314906004,58.76217140562258,55.4808638600328,73.61801242236024,41.11991110175081,40,2024-08-07 ~ 2025-07-23,0.39192857142857146,😐 약간 호재
메트라이프,58.98039116795926,49.52719176588414,50.26507782101167,100.0,40.89991115302105,51,2025-04-13 ~ 2025-07-25,0.5870930896630496,😐 약간 호재
트레인 테크놀로지,58.95204047681772,74.26067890953307,64.09060402684565,29.316770186335404,41.57233667683713,14,2025-04-09 ~ 2025-07-27,0.5858453473132371,😐 약간 호재
체사피크 에너지,58.948910050490575,71.73118408548527,50.01381716678297,55.19668737060042,42.12953792141482,33,2024-01-10 ~ 2025-04-30,0.4561370002546473,😐 약간 호재
시그나,58.76942429671537,61.16900153031298,49.96264838313549,75.97485229510681,41.1805871062817,41,2024-09-09 ~ 2025-07-16,0.3844217151848938,😐 약간 호재
해리스 테크놀로지스,58.71988101650541,60.9587533353006,53.639761570827474,70.48256091734352,41.47939027668231,39,2024-02-19 ~ 2025-06-30,0.3678481143269876,😐 약간 호재
듀크 에너지,58.71203950500852,59.68240795173157,53.71747395099972,72.86801242236024,41.502316545439314,40,2024-04-01 ~ 2025-07-18,0.37536997885835094,😐 약간 호재
포티넷,58.69944877957414,59.139455259827905,59.42887077997673,65.5161994292429,41.11765555801387,37,2024-05-20 ~ 2025-07-18,0.5475522692503826,😐 약간 호재
페이팔 홀딩스,58.662618013230556,54.06444785719205,54.81361588519941,82.13635707063412,41.654826906670934,43,2024-01-02 ~ 2025-05-26,0.5465572275421797,😐 약간 호재
코닝,58.64751847358859,69.150304717764,62.81333333333333,40.41987577639752,40.59421431203486,25,2025-06-16 ~ 2025-07-30,0.40909090909090906,😐 약간 호재
헬스케어,58.5257421787817,65.86894619364088,42.5,76.63640707118968,41.00882287087408,39,2025-07-28 ~ 2025-07-29,0.7692307692307693,😐 약간 호재
인텔,58.49909006286258,63.107089720293686,48.81363636363638,72.27743271221532,41.56676723211126,39,2025-07-24 ~ 2025-07-29,0.5641025641025639,😐 약간 호재
무디스,58.42144797320053,54.421939796192746,51.107081174438704,86.0303657694962,41.144745484925835,45,2025-07-02 ~ 2025-07-29,0.47654320987654325,😐 약간 호재
이베이,58.399316352599,55.76686014508254,56.19444444444444,74.99924253900924,42.34390453430796,41,2025-06-24 ~ 2025-07-27,0.43902439024390244,😐 약간 호재
오토데스크,58.375686596213974,62.60129910710308,53.82317699418007,65.5161994292429,40.84973969270146,37,2024-07-10 ~ 2025-07-27,0.4133295599264185,😐 약간 호재
뉴코어,58.3123125570194,49.81984586186071,47.549782826595404,99.73775017253278,41.71889329789941,54,2025-01-13 ~ 2025-06-16,0.3599086099086098,😐 약간 호재
맥케슨,58.2948816113818,81.02255831647959,52.05896226415097,30.08695652173913,42.507783011968456,15,2024-09-08 ~ 2025-07-29,0.5670781893004114,😐 약간 호재
처브,58.223979802530785,51.706416681827626,50.0626227897839,92.46765010351966,40.29096272160634,48,2024-12-11 ~ 2025-07-16,0.586405529953917,😐 약간 호재
맥도날드,58.185120170037166,55.82943137368029,50.79295154185022,82.4802371541502,41.19414727179931,44,2025-07-17 ~ 2025-07-29,0.42992424242424243,😐 약간 호재
쉐브론,58.159902217587415,51.374691750468436,50.163360560093345,92.10292812777286,41.40431723817466,49,2024-11-07 ~ 2025-07-18,0.41477776881503586,😐 약간 호재
스카이웍스 솔루션,58.08945259339034,65.15542599691058,46.69218784776319,69.29998321302669,41.59629197691807,37,2024-04-28 ~ 2025-03-30,0.7228120978120978,😐 약간 호재
인터내셔널 페이퍼,58.064292554524876,56.55420205308356,68.3157704364601,54.29850200949945,40.88180200453528,34,2024-01-21 ~ 2025-06-18,0.47459372854200044,😐 약간 호재
머크,58.001872508054404,60.08720378224474,47.29752066115702,78.15734989648033,41.462648175133346,42,2025-07-12 ~ 2025-07-29,0.5084033613445379,😐 약간 호재
애플,57.92105482191704,54.672062679556376,53.0,80.04333381482016,41.43562987130461,43,2025-07-28 ~ 2025-07-29,0.20930232558139536,😐 약간 호재
팔로 알토 네트웍스,57.7193716062147,53.4670412105853,50.361921097770164,85.36369910282953,41.51238972083624,45,2025-02-16 ~ 2025-07-15,0.5217002237136465,😐 약간 호재
도어대시,57.61783503520617,57.293506115883744,67.85673624288427,50.8944099378882,41.64529728409749,30,2025-04-14 ~ 2025-07-24,0.5217821782178217,😐 약간 호재
써모 피셔 사이언티픽,57.592000026317535,68.47024946690885,43.3412462908012,65.24592915897263,41.523405205191104,37,2025-02-10 ~ 2025-07-19,0.4582695903450619,😐 약간 호재
오토매틱 데이터 프로세싱,57.58433728763529,42.89974713468306,54.39999999999999,100.0,41.04438433762073,56,2025-06-03 ~ 2025-07-08,0.3979591836734694,😐 약간 호재
암젠,57.57657490885081,80.64850845734986,51.27272727272725,28.753623188405797,41.8462870641153,15,2025-07-03 ~ 2025-07-27,0.45833333333333337,😐 약간 호재
록히드 마틴,57.569143312784256,64.62527989452155,47.71270718232044,66.32701024005371,41.398171522687605,37,2025-07-06 ~ 2025-07-29,0.6380728554641598,😐 약간 호재
케이던스 디자인 시스템즈,57.40685140350037,53.68298656563532,54.14025423728815,77.20496894409938,42.5058671723992,42,2025-03-12 ~ 2025-07-05,0.2443064182194617,😐 약간 호재
듀폰,57.387667780770855,55.01102823808284,53.470473718364694,76.25258799171843,40.915967716846254,42,2025-04-05 ~ 2025-07-30,0.3162972085385879,😐 약간 호재
월마트,57.18093588782114,50.195891959168115,54.5,83.16205533596839,41.201680369602215,44,2025-07-17 ~ 2025-07-28,0.4421487603305785,😐 약간 호재
헬스케어 테크놀로지,57.14487935609186,69.38761882316143,51.193684210526314,49.56107660455486,41.19511242758417,30,2025-06-26 ~ 2025-07-28,0.4947916666666667,😐 약간 호재
이콜랩,57.04045051389451,54.60350780161962,53.13451890342232,75.73094985608242,41.12501751003481,41,2024-03-12 ~ 2025-07-18,0.5522188690446743,😐 약간 호재
시높시스,57.03434656654306,56.13585918880109,52.7062937062937,73.11801242236024,41.44512294662467,40,2025-02-20 ~ 2025-07-25,0.32290322580645164,😐 약간 호재
시스코,56.98452654358839,60.70004179506712,51.03684210526316,66.58058188950638,40.773408160813176,38,2025-06-19 ~ 2025-07-28,0.3846153846153846,😐 약간 호재
앰코,56.964474477606565,59.60152927265513,51.885157699443425,67.3700555737169,40.8430434396811,38,2025-02-16 ~ 2025-07-20,0.4605263157894736,😐 약간 호재
센터포인트 에너지,56.938450302778485,54.32862181200227,55.93951612903224,71.2517916865743,41.74788401953043,39,2025-07-16 ~ 2025-07-30,0.4542124542124543,😐 약간 호재
메타 플랫폼스(페이스북),56.92996723375044,55.872866703656236,58.115825688073414,64.97565888870237,41.50941068125446,37,2025-02-07 ~ 2025-07-24,0.28224631817446183,😐 약간 호재
퍼스트에너지,56.91904721876334,53.30213589291355,50.36795994993742,81.79841897233202,41.28121082150284,44,2025-06-17 ~ 2025-07-30,0.4223044397463002,😐 약간 호재
킴벌리-클라크,56.65358085843821,49.73774676002682,49.82558905312453,88.91925465838509,40.26954506813104,45,2024-01-01 ~ 2025-06-19,0.5676427829698858,😐 약간 호재
다우,56.53044457019358,50.22395563698285,41.0,100.0,41.40862315400437,51,2025-07-30 ~ 2025-07-30,1.0,😐 약간 호재
오라클,56.37837137945969,52.64260700048933,74.55645161290323,43.92857142857142,41.68678809678707,28,2025-07-21 ~ 2025-07-27,0.369047619047619,😐 약간 호재
치폴레 멕시칸 그릴,56.26082583192566,44.995981409752815,51.065112876254176,93.85714285714286,41.71470833719712,50,2024-09-24 ~ 2025-07-28,0.31166123778501637,😐 약간 호재
보잉,56.18565666892294,53.908373489635785,62.81818181818181,58.75776397515527,40.25299932583026,35,2025-07-27 ~ 2025-07-29,0.4714285714285714,😐 약간 호재
캐리어 글로벌,56.10537311755193,63.870733067720394,56.78804347826086,47.16855857785393,40.86955131414726,29,2025-06-17 ~ 2025-07-29,0.4532019704433498,😐 약간 호재
다나허,56.066857276776076,67.78260867956223,46.9004196871423,53.54838709677419,41.74010479453652,31,2024-01-03 ~ 2025-06-25,0.47058471482434616,😐 약간 호재
글로벌 페이먼츠,56.00929805055426,61.19811335206717,48.77856648199447,63.76121463077984,41.44239838973084,36,2024-09-30 ~ 2025-07-13,0.5609945609945609,😐 약간 호재
리제네론 파마슈티컬스,55.91248325833499,73.89926316342745,49.72657521506627,36.35093167701863,41.64619093040397,20,2024-01-08 ~ 2025-05-19,0.43269617706237423,😐 약간 호재
페어 아이작,55.8426082881684,57.945040587519735,67.67824870912222,40.757286192068804,42.09660202010079,26,2024-05-21 ~ 2025-07-12,0.42870319129311935,😐 약간 호재
로크웰 오토메이션,55.84118509400893,66.04236721250714,49.65133634154809,51.8944099378882,41.49955318964006,30,2024-04-23 ~ 2025-07-22,0.633186813186813,😐 약간 호재
넷플릭스,55.732054748998884,50.84055761651027,56.0,72.02102245580507,41.91627211233759,39,2025-07-27 ~ 2025-07-29,0.46153846153846156,😐 약간 호재
워터스,55.700273559083044,46.39223267863299,50.36167810301397,89.34782608695652,41.65311839334354,46,2024-04-17 ~ 2025-07-24,0.5405671894074561,😐 약간 호재
웰스 파고,55.643726238544744,48.56883213102363,57.625,73.53582790486291,42.21527805162705,41,2025-07-15 ~ 2025-07-28,0.2401500938086304,😐 약간 호재
포드 모터,55.58061936266342,52.58437170791178,53.997048406139314,70.73897117375378,41.999619229061544,39,2025-04-14 ~ 2025-07-13,0.48262108262108266,😐 약간 호재
로얄 캐리비안 크루즈,55.57323380422644,51.98298787577895,74.2970041322314,41.44151138716356,42.0263513681273,24,2024-06-24 ~ 2025-07-13,0.6302083333333334,😐 약간 호재
윌리엄스,55.49209467901781,46.930303358504325,52.902535657686215,83.58592132505176,41.32028373299861,45,2025-06-19 ~ 2025-07-29,0.35055555555555556,😐 약간 호재
디지털 리얼티,55.44181443851666,56.90705940221793,56.46704067321177,57.90062111801242,41.58754252063475,35,2024-05-21 ~ 2025-07-20,0.4793277310924371,😐 약간 호재
코인베이스 글로벌,55.40620517163143,53.76901924460192,70.03571428571428,43.4495938843765,41.97964411201067,26,2025-07-16 ~ 2025-07-28,0.5384615384615384,😐 약간 호재
아메리프라이즈 파이낸셜,55.345828929641954,48.3941658773095,53.73539754695943,77.92607180730194,42.823289531699366,41,2024-01-21 ~ 2025-07-13,0.5275804335037785,😐 약간 호재
벡톤 디킨슨,55.277658174990066,81.90026269418179,48.60938864628822,18.898927159796727,41.54951071471537,11,2024-03-06 ~ 2025-06-30,0.43281043281043274,😐 약간 호재
델타 에어 라인,55.271075077132515,55.739861424972375,56.94237739872069,58.75776397515527,41.40864492496307,35,2024-01-01 ~ 2025-07-21,0.47266313932980597,😐 약간 호재
트림블,55.186313279324565,67.21852695901286,65.81440903054448,21.626199887069454,42.29339809142185,11,2024-04-02 ~ 2025-07-09,0.5913999607304143,😐 약간 호재
태피스트리,55.159990064712886,48.68758638388047,66.61255358236374,57.90062111801242,41.21065212849093,35,2024-04-22 ~ 2025-07-22,0.5115914786967419,😐 약간 호재
롤린스,55.129794144092244,44.3290592470747,52.07420872540632,87.39130434782608,42.97646958075244,46,2025-03-06 ~ 2025-07-27,0.35542718151413805,😐 약간 호재
리퍼블릭 서비스,55.10433506185757,52.42065253206451,56.08527799530148,65.78646969951318,41.531967105386855,37,2024-04-11 ~ 2025-05-26,0.42089650626236,😐 약간 호재
홈 디포,55.10403697684967,53.62554597638645,50.71169686985172,71.50820194298456,41.38669136742666,39,2025-05-20 ~ 2025-07-25,0.47163947163947173,😐 약간 호재
파라마운트 글로벌,55.0499052817516,61.78500907556904,53.81181857828173,50.56107660455486,40.801407571284834,30,2025-02-22 ~ 2025-07-21,0.5129753914988814,😐 약간 호재
처치 앤 드와이트,55.037363232633666,71.0566340078574,51.74084177708495,35.671788166067344,39.580994631517505,19,2024-03-19 ~ 2025-05-13,0.4823308270676693,😐 약간 호재
퍼블릭 스토리지,55.03602777898663,73.90079951816084,49.9382298709281,31.70031055900621,41.54176898642624,16,2024-04-28 ~ 2025-05-25,0.518813775510204,😐 약간 호재
컴캐스트,55.01816723713639,45.11082578354862,50.33850329585111,88.69565217391305,41.33155500179001,46,2024-11-02 ~ 2025-07-16,0.43800951086956524,😐 약간 호재
트레이드 데스크,55.01515892899999,48.95222803601883,50.77661702600578,80.27589195435505,41.46104215919715,43,2024-10-23 ~ 2025-07-28,0.3763593776141877,😐 약간 호재
레비티,54.94516316068887,80.06813709156138,49.284995977473855,19.77743271221532,41.76922988379099,12,2024-04-25 ~ 2025-05-13,0.540905134899913,😐 약간 호재
나이키,54.925032335870064,54.327473417270575,68.51015228426397,42.41987577639752,41.57022128403143,25,2025-07-15 ~ 2025-07-29,0.5628571428571428,😐 약간 호재
시스템즈,54.83937625236257,62.19471543356971,47.646551724137936,58.70967741935484,39.25589077822338,31,2025-07-23 ~ 2025-07-30,0.8018433179723504,😐 약간 호재
타겟,54.65530427656734,61.62764067754305,48.5,56.472049689440986,41.59838067661924,35,2025-07-27 ~ 2025-07-30,0.2761904761904762,😐 약간 호재
노던 트러스트,54.63258671616727,44.07555235186057,56.55536140470507,79.10973084886128,42.138111842392654,42,2024-01-18 ~ 2025-05-22,0.5700680272108843,😐 약간 호재
펩시코,54.58115076074595,61.79539559499946,51.70677731673584,50.96166202612979,41.586269224994595,29,2025-06-14 ~ 2025-07-29,0.5540229885057472,😐 약간 호재
유니온 퍼시픽,54.561131093318004,67.41014372267455,51.31242122951967,40.41987577639752,41.19372080112775,25,2024-01-01 ~ 2025-07-28,0.497630662020906,😐 약간 호재
베리사인,54.44091234795207,61.48020763113748,54.72347198641766,46.82373099164703,40.670415012423696,29,2024-01-23 ~ 2025-07-25,0.5919226179260096,😐 약간 호재
트루이스트 파이낸셜,54.35810003911998,52.4226438172493,57.112945922097566,60.15010351966873,42.25138031657248,36,2024-01-04 ~ 2025-06-27,0.40807613168724277,😐 약간 호재
에머슨 일렉트릭,54.264155846494255,72.82756684636855,58.03741886216113,17.664596273291927,41.88984194640105,10,2024-01-17 ~ 2025-04-14,0.5781456953642384,😐 약간 호재
허쉬,54.23548886893632,55.72073061494625,49.85445307830247,64.7053886184321,40.49782975780663,37,2025-03-25 ~ 2025-07-30,0.35603319855288357,😐 약간 호재
알파벳 A주,54.19275832080842,59.03542096757466,52.30953278070837,53.54838709677419,41.76052680211208,31,2024-01-14 ~ 2025-07-28,0.45782301190270824,😐 약간 호재
가민,54.18320080312348,55.93399486130202,55.428379988088146,55.76909024479357,40.272708132175175,34,2025-01-18 ~ 2025-07-27,0.519814241486068,😐 약간 호재
뱅크 오브 아메리카,54.151709696040484,51.48955268941302,52.63793103448276,67.89637136319058,41.85235037292333,38,2025-07-21 ~ 2025-07-28,0.32706766917293234,😐 약간 호재
휴렛 팩커드 엔터프라이즈,54.02771807849888,56.660802336201854,49.5093665768194,61.8167701863354,41.47233133705234,36,2024-06-18 ~ 2025-06-22,0.5585666967780789,😐 약간 호재
킨더 모건,54.02310483767374,56.960192660031524,62.619528237695626,41.31281761716544,41.90605778919363,22,2024-03-31 ~ 2025-02-16,0.6223884810841332,😐 약간 호재
파이서브,53.98647191750063,54.51735220288212,51.551804022082024,62.92788129744651,41.2841357023387,36,2024-01-28 ~ 2025-07-20,0.5227788084930942,😐 약간 호재
다비타,53.971290926040886,75.26528012013756,61.36893203883495,5.105590062111801,44.33381253913019,5,2024-05-01 ~ 2025-02-08,0.2183745583038869,😐 약간 호재
키사이트 테크놀로지스,53.96358359977073,75.44740115820406,50.18527430221366,23.110766045548655,41.06887636715269,12,2024-02-19 ~ 2025-06-08,0.5468421052631579,😐 약간 호재
헨리 샤인,53.9440205709178,79.21193371422264,52.341674687199244,11.498447204968944,42.57055238075184,8,2024-01-22 ~ 2025-03-23,0.3048708920187793,😐 약간 호재
프로퍼티,53.942557958379375,59.26002982367916,51.43586698337292,53.3785055524186,41.32084823412116,33,2025-03-17 ~ 2025-07-30,0.47250280583613913,😐 약간 호재
옥시덴탈 페트롤리움,53.8924770967987,55.25679898674372,49.3640089418778,64.16484807789155,41.475852039595665,37,2024-01-11 ~ 2025-05-31,0.28672150411280845,😐 약간 호재
코노코필립스,53.72708898969395,49.640583504978146,46.67971530249109,78.41542683807597,41.83855629340167,43,2025-01-07 ~ 2025-07-27,0.3901423116973274,😐 약간 호재
에스티 로더,53.72259086427264,61.27420310922225,64.23584905660377,28.08695652173913,43.247635992547806,15,2025-07-09 ~ 2025-07-30,0.16825396825396824,😐 약간 호재
웨스턴 디지털,53.59493968986973,54.74635491839492,67.69797297297298,36.35093167701863,41.16819495216141,20,2025-05-21 ~ 2025-07-30,0.5285714285714285,😐 약간 호재
나스닥,53.58860259311061,47.17626998327084,62.0,60.0,41.18094599802275,31,2025-07-29 ~ 2025-07-29,1.0,😐 약간 호재
모더나 테라퓨틱스,53.535841053774334,62.992150916886736,44.017474025097826,54.59062676453981,42.156131265823284,33,2024-01-03 ~ 2025-07-14,0.4024655153687412,😐 약간 호재
컨스털레이션 에너지,53.528786186576525,55.086179093494174,68.00219106047328,34.9447895100069,41.04699329035494,18,2024-10-16 ~ 2025-06-11,0.5326797385620915,😐 약간 호재
인사이트,53.498685283893685,53.239509844585676,60.5,49.5823516813022,41.36411009798975,29,2025-07-29 ~ 2025-07-30,0.5172413793103449,😐 약간 호재
아메리칸 타워,53.43612860977606,53.884474729524385,52.420737716457836,60.42788129744651,40.70541143539656,36,2024-03-06 ~ 2025-07-20,0.3938234641827456,😐 약간 호재
데이터독,53.41954680489599,60.03735505321143,56.55075475825859,41.619875776397514,41.15403200854334,25,2024-04-25 ~ 2025-07-03,0.42129032258064514,😐 약간 호재
쿠퍼,53.40561245042269,56.35268805009249,47.72056514913659,62.094547964113175,41.29458092822075,36,2025-05-13 ~ 2025-07-25,0.48477929984779305,😐 약간 호재
라이브 네이션 엔터테인먼트,53.31656588270907,55.70883641898877,60.63235294117647,43.619875776397514,41.19350277481116,25,2024-01-17 ~ 2025-05-25,0.5726315789473684,😐 약간 호재
스틸 다이내믹스,53.31303200762821,58.184377298649935,49.64806517311608,54.83870967741935,41.77119600749537,31,2025-02-10 ~ 2025-07-05,0.546162402669633,😐 약간 호재
신타스,53.15506372180083,65.47809059958323,54.22806255430061,32.72256728778468,41.50895258120421,18,2024-01-02 ~ 2025-05-29,0.3739441195581546,😐 약간 호재
인슐렛,52.87536851547307,34.03635046165535,58.751426759670245,88.02035152636448,40.31329997636961,47,2024-11-25 ~ 2025-05-21,0.18956605361221301,😐 약간 호재
베스트 바이,52.7283946423889,68.48304417331738,52.65019762845849,26.753623188405797,41.89393046843238,15,2025-05-28 ~ 2025-07-26,0.2858757062146893,😐 약간 호재
모바일,52.6976465214382,55.201089641339934,54.5,50.993788819875775,40.68452900927068,27,2025-07-29 ~ 2025-07-29,1.0,😐 약간 호재
아메리칸 일렉트릭 파워,52.658050008939725,66.35138788233073,55.422363847045176,26.753623188405797,41.40061064212723,15,2024-05-22 ~ 2025-07-24,0.40327102803738324,😐 약간 호재
크라우드스트라이크 홀딩스,52.56367739169569,49.27987324349845,61.61475694444444,50.96774193548387,41.73752623866202,31,2024-01-02 ~ 2025-01-30,0.4715899787129524,😐 약간 호재
리소스,52.56065940469572,56.37837053149427,50.438596491228076,53.98456615847921,40.80819013033751,33,2025-07-15 ~ 2025-07-29,0.3701298701298701,😐 약간 호재
스트라이커,52.50768331949362,58.542230547053144,50.26827309236947,49.56107660455486,40.98093852050547,30,2024-11-21 ~ 2025-07-30,0.4960159362549802,😐 약간 호재
S&P 글로벌,52.41206462662648,55.10532375735686,50.0,56.06320789185239,41.57293545313258,34,2025-07-27 ~ 2025-07-29,0.4117647058823529,😐 약간 호재
우버 테크놀로지스,52.38651267133139,50.0694905074626,55.878430010420274,57.32919254658385,41.29348955903499,35,2024-01-04 ~ 2025-06-22,0.46125500667556746,😐 약간 호재
트랜스다임 그룹,52.37954512286507,68.14347127915936,61.19378427787934,12.748447204968944,42.14331886843736,8,2024-03-27 ~ 2024-10-17,0.335171568627451,😐 약간 호재
엑슨 모빌,52.36766386520256,54.389274237604205,53.46481271282633,52.25806451612903,41.20897453087167,31,2025-05-27 ~ 2025-07-28,0.4583766909469302,😐 약간 호재
버클리,52.29183811515729,49.945470620330866,54.89172749391729,58.75776397515527,40.94578823818699,35,2025-06-10 ~ 2025-07-27,0.4996960486322187,😐 약간 호재
헌팅턴 잉걸스 인더스트리,52.25583025301433,69.69870040351043,48.90458504098361,27.277432712215322,42.494880368720025,12,2024-04-28 ~ 2025-07-07,0.7478927203065133,😐 약간 호재
아이언 마운틴,52.21980259075879,64.21194293447455,64.23842195540308,15.664596273291925,41.30579575689656,10,2024-01-15 ~ 2024-06-29,0.35120481927710845,😐 약간 호재
서던,52.19948274799008,50.42445724962509,52.18989547038329,60.98343685300206,41.7604383642465,36,2025-06-26 ~ 2025-07-29,0.24158249158249154,😐 약간 호재
해즈브로,52.19459371943717,49.93249495735315,56.93228241563056,54.83870967741935,41.741690763228775,31,2024-05-26 ~ 2025-07-10,0.5315499606608969,😐 약간 호재
서비스나우,52.08980919342138,51.63778868347622,54.466542750929364,54.996118012422365,40.95507292267607,32,2025-07-15 ~ 2025-07-29,0.6004464285714286,😐 약간 호재
펜테어,52.02397847093575,61.138807336077235,57.2483155835688,30.0382226469183,43.86316332050556,13,2024-06-03 ~ 2025-06-24,0.9168991630131527,😐 약간 호재
도버,51.930866337525856,52.81588492327944,53.89995410738871,52.58064516129032,41.183971037393995,31,2024-04-25 ~ 2025-06-11,0.5118227372377074,😐 약간 호재
다이아몬드백 에너지,51.90021885919677,47.43472516768863,50.715352552969776,67.67836159140506,41.76050707949364,37,2024-05-02 ~ 2025-07-01,0.5492527821939588,😐 약간 호재
크래프트 하인즈,51.726317567444,55.54188337792789,50.59424989191527,50.8944099378882,41.5240726112062,30,2024-10-21 ~ 2025-07-13,0.5818867924528301,😐 약간 호재
사이먼 프로퍼티 그룹,51.675250042395106,55.35472301094768,51.94794889709553,48.57142857142857,42.34690454601658,28,2024-01-21 ~ 2025-06-04,0.715642857142857,😐 약간 호재
마켓액세스 홀딩스,51.67384525479876,67.34687437273895,57.5,16.024844720496894,42.801265616038094,7,2024-02-12 ~ 2024-11-06,0.8571428571428571,😐 약간 호재
슈퍼 마이크로 컴퓨터,51.67352722925654,53.79165871700247,57.58181818181818,43.216011042097996,42.39116079490503,27,2025-05-28 ~ 2025-07-27,0.44135802469135804,😐 약간 호재
켄뷰,51.27236204807477,53.55222533864494,52.97483498349833,49.227743271221534,41.1347276332299,30,2024-01-03 ~ 2025-07-14,0.43440860215053767,😐 약간 호재
웨이스트 매니지먼트,51.188968770570405,62.49835269372001,51.83360110167546,32.133723054439166,42.12802751691933,17,2024-01-21 ~ 2025-07-02,0.4854055258467023,😐 약간 호재
엔터지,51.07579237874835,69.59322190829091,60.210374639769455,5.105590062111801,41.54273211078788,5,2024-06-03 ~ 2025-07-28,0.4957142857142857,😐 약간 호재
익스피디아 그룹,51.04505584646385,56.67617146595687,57.23814541622761,34.9447895100069,42.14185733211442,18,2024-08-08 ~ 2025-05-26,0.5435280641466209,😐 약간 호재
캐피탈 원 파이낸셜,50.94683500795609,60.07855130994351,58.57539118065433,25.74534161490683,41.93728806801024,14,2024-01-14 ~ 2025-07-14,0.36719770174980415,😐 약간 호재
에어비앤비,50.793107354665786,50.30713129217521,50.81257142857143,56.35732553891121,41.55018301442033,34,2025-06-03 ~ 2025-07-28,0.4679144385026738,😐 약간 호재
스타벅스,50.76757437443083,53.803404404370916,54.5,43.85093167701863,41.26026277278737,20,2025-07-29 ~ 2025-07-29,1.0,😐 약간 호재
지브라 테크놀로지스,50.492609541665594,69.56803158427823,57.5,5.105590062111801,43.94278895531933,5,2025-04-14 ~ 2025-07-02,0.2,😐 약간 호재
웰타워,50.28878047555075,57.420557689646614,59.40306603773585,26.753623188405797,41.489129506901975,15,2024-01-15 ~ 2025-06-24,0.2686945500633714,😐 약간 호재
퍼블릭 서비스 엔터프라이즈 그룹,50.256623569267305,61.28323159931296,53.31844802342606,27.888198757763973,41.70156770961501,14,2024-01-29 ~ 2025-05-22,0.5092454518341784,😐 약간 호재
마스터카드,50.25498464905367,54.57752141734487,54.5,39.35599869238313,42.02776343639093,19,2025-07-24 ~ 2025-07-28,0.6710526315789473,😐 약간 호재
메리어트 인터내셔널,50.18911624489634,50.476194859786645,51.881089374760265,51.227743271221534,41.88762834309298,30,2025-02-19 ~ 2025-07-17,0.5871621621621621,😐 약간 호재
번지,49.95866712206778,45.20017427068543,43.39115646258503,73.61801242236024,41.37647990546051,40,2025-07-06 ~ 2025-07-30,0.459375,😐 중립
어도비,49.867614113622544,58.99186397080414,44.80000000000001,42.81987577639752,42.66893370021384,25,2025-06-10 ~ 2025-07-28,0.575,😐 중립
퍼스트 솔라,49.86755664184714,53.026207632181176,55.55626134301271,39.219875776397515,41.46220030791357,25,2025-04-29 ~ 2025-07-17,0.2789873417721519,😐 중립
랄프 로렌,49.66036211025656,54.592766264004005,68.50420168067225,15.664596273291925,41.390758457948984,10,2025-06-24 ~ 2025-07-28,0.35000000000000003,😐 중립
다든 레스토랑,49.641165731050485,50.93483182526964,58.99398797595191,36.85093167701863,41.98850272753327,20,2025-04-15 ~ 2025-07-27,0.48446601941747575,😐 중립
레이시온 테크놀로지스,49.56304143199424,60.015224647480764,56.1563411078717,22.34591495461061,42.408662497182995,13,2024-02-20 ~ 2025-06-13,0.4406616348161234,😐 중립
트래블러스,49.38424339779332,49.84774710231746,54.42605633802816,45.0,41.17327655457885,28,2025-06-24 ~ 2025-07-24,0.5071428571428572,😐 중립
브라운 앤 브라운,49.28338633767962,58.717514955477235,53.46484375,27.730530339225993,42.10821162643536,13,2025-03-03 ~ 2025-07-14,0.7403123192596877,😐 중립
자빌,49.17770912420255,57.16908072425467,49.22002788104089,36.68737060041408,42.06594350105598,21,2024-06-26 ~ 2025-04-09,0.3570598971295836,😐 중립
인터컨티넨탈 익스체인지,49.143145353243845,50.772748801091744,52.020381613183005,45.09959306061255,42.08012736729735,29,2024-03-20 ~ 2025-07-12,0.1660067669714203,😐 중립
액센츄어,49.10902045040596,49.37192979687629,49.21347402597402,52.496118012422365,40.969827213787575,32,2024-12-28 ~ 2025-07-27,0.36492890995260663,😐 중립
알버말,49.104099655419375,62.15563621364642,51.47913043478262,23.115145723841376,41.75076894757743,13,2024-01-18 ~ 2025-07-21,0.402097902097902,😐 중립
베이커 휴즈,49.08412606958649,52.10500342256421,54.07317073170731,39.06832298136646,42.06508884775321,21,2025-02-12 ~ 2025-07-09,0.5578231292517007,😐 중립
유니버설 헬스 서비스,48.84817584989683,60.374026793095695,57.78744769874477,15.664596273291925,42.29411568376741,10,2024-01-08 ~ 2025-07-15,0.4314079422382672,😐 중립
박스터 인터내셔널,48.717361780164154,67.26385670768545,48.72297297297298,15.248447204968944,41.452377642042904,8,2024-03-07 ~ 2025-03-03,0.5637119113573407,😐 중립
엑셀론,48.65627178881249,61.013767780882645,53.73484475110892,19.808018068887634,41.68707637349228,11,2024-02-04 ~ 2025-04-09,0.4289640591966173,😐 중립
헬스,48.58340195425882,57.42744313350026,47.0,37.95031055900621,39.223625890574645,16,2025-07-29 ~ 2025-07-29,1.0,😐 중립
데이포스,48.55209511481616,65.12733289611624,53.06617647058823,11.498447204968944,42.816195741994036,8,2025-07-01 ~ 2025-07-30,0.2931034482758621,😐 중립
월트 디즈니,48.528949021831004,48.47592426259645,64.10515021459227,28.57531055900621,41.91972140613497,16,2025-06-26 ~ 2025-07-27,0.469758064516129,😐 중립
존슨 콘트롤즈 인터내셔널,48.489142165260475,55.63380568750516,55.930159833217544,26.459627329192546,41.64646474454635,14,2024-03-24 ~ 2025-06-17,0.45682539682539675,😐 중립
아이덱스,48.48242526874721,55.966773212332185,51.47383911052977,32.95031055900621,40.635021388541524,16,2024-01-10 ~ 2025-03-06,0.45397862232779096,😐 중립
키코프,48.331242259785554,62.63264223946814,54.207557502738226,13.998447204968944,42.16228672183044,8,2024-01-15 ~ 2025-03-07,0.5473621103117505,😐 중립
달러 제너럴,48.328669431921426,48.85191551751262,53.31512605042016,42.81987577639752,42.29390254510819,25,2025-05-18 ~ 2025-07-30,0.5216438356164383,😐 중립
싱크로니 파이낸셜,48.29421588889428,52.580161511058485,60.54063205417606,24.653607262302916,41.692402157574854,13,2024-03-11 ~ 2025-07-29,0.5398324447829398,😐 중립
에어 프로덕츠 앤 케미컬스,48.20513951151969,70.08994326551931,47.80660377358491,9.105590062111801,40.06063060814126,5,2024-02-05 ~ 2024-07-10,0.6794871794871795,😐 중립
큐리그 닥터 페퍼,48.18586600353992,56.96336464696542,50.62060216508795,30.08695652173913,41.96948190879544,15,2024-06-01 ~ 2025-07-13,0.4841932841932842,😐 중립
코카-콜라,48.16745579469867,50.723228018073996,50.0,43.57142857142857,41.63878873183354,28,2025-07-17 ~ 2025-07-29,0.3095238095238095,😐 중립
모자이크,48.08211661542428,49.362461414532376,61.60747663551401,29.20031055900621,40.14826947155882,16,2025-06-10 ~ 2025-07-15,0.3821428571428571,😐 중립
레즈메드,48.077550153775704,66.7242981562928,48.7184633027523,12.748447204968944,42.226024594391056,8,2024-03-09 ~ 2025-03-18,0.2914438502673797,😐 중립
리조트 인터내셔널,48.056236511343144,53.306725141750384,58.31521739130434,25.74534161490683,40.89912914270331,14,2025-06-29 ~ 2025-07-24,0.3942857142857143,😐 중립
발레로 에너지,47.96139237888902,50.37584826902239,53.06165296600756,38.32298136645963,42.279609081858716,23,2024-04-01 ~ 2025-06-17,0.4427503442848711,😐 중립
코스타 그룹,47.73512190071412,50.92151621556907,51.537260652061406,38.85093167701863,41.351508834643425,20,2024-02-12 ~ 2025-07-08,0.56611328125,😐 중립
몬스터 베버리지,47.65299374844549,57.48774263627238,53.69676085458305,22.53529079616036,40.41810278329547,11,2024-04-25 ~ 2025-06-15,0.6341783216783217,😐 중립
텍스트론,47.51286991438776,58.44867720213355,49.71365149833518,25.031055900621116,42.13092403909553,14,2024-04-11 ~ 2025-04-07,0.3565492679066086,😐 중립
글로브 라이프,47.464184789834036,57.205797916009665,51.382603147596754,25.031055900621116,41.60873499026919,14,2024-02-14 ~ 2025-06-09,0.34912384912384914,😐 중립
크라운 캐슬,47.312335374406764,52.65406088288853,51.06174698795181,34.38923395445134,40.543401339755405,18,2024-01-13 ~ 2024-06-10,0.49515287099179717,😐 중립
제너럴 밀스,47.262085876586916,47.40885173855535,51.098992294013044,44.285714285714285,41.117046358180076,28,2024-06-16 ~ 2025-06-22,0.32479784366576814,😐 중립
자일럼,47.26023247577859,57.33492513817235,53.82419127988748,19.808018068887634,42.17401422765876,11,2024-01-27 ~ 2025-01-04,0.5653326265571162,😐 중립
카맥스,47.183284293757524,54.107932555650045,49.66620305980529,32.133723054439166,42.1350574266809,17,2024-03-20 ~ 2025-06-12,0.37678501244595836,😐 중립
프리포트-맥모란,47.12580150435228,48.936595389908156,61.98396501457726,23.944099378881987,41.671539682394446,12,2024-09-24 ~ 2025-07-08,0.5975609756097561,😐 중립
호튼,47.044291260129114,48.909068634019846,52.41499999999999,38.59213250517598,40.3773730548598,21,2025-02-10 ~ 2025-07-29,0.591715976331361,😐 중립
타이슨 푸드,47.0140358335551,47.2695243652704,52.0982986767486,41.52651696129957,41.714330921624416,26,2024-03-19 ~ 2025-07-21,0.33286141261601376,😐 중립
푸르덴셜 파이낸셜,46.998842549482745,53.78276354877409,53.69969108561342,27.277432712215322,39.203432618460155,12,2024-01-14 ~ 2025-05-21,0.7660581473968898,😐 중립
레이먼드 제임스 파이낸셜,46.94351767089911,50.861954285518294,55.02060221870047,29.316770186335404,42.29201253814569,14,2024-02-03 ~ 2025-05-14,0.5803188228080932,😐 중립
마라톤 페트롤리움,46.67540936102553,52.96460660086452,60.683495145631056,15.664596273291925,41.51598922332021,10,2024-01-02 ~ 2024-06-02,0.33881578947368424,😐 중립
할리버튼,46.638374572170775,54.15140262005761,48.089610389610385,32.16701173222912,41.17528060818788,18,2024-01-01 ~ 2025-04-26,0.4446754446754447,😐 중립
알트리아 그룹,46.575626926150164,57.11263976278269,56.912721893491124,12.291235334713596,41.98507386047025,9,2024-05-02 ~ 2025-03-27,0.342451874366768,😐 중립
타일러 테크놀로지스,46.5217407680393,52.73250086952706,65.9375,6.325051759834368,43.82480068261601,6,2024-05-02 ~ 2024-07-16,0.17777777777777778,😐 중립
워너 브로스 디스커버리,46.194534093057584,64.00902761595454,49.36538461538462,8.881987577639752,40.04910146532442,7,2024-02-23 ~ 2025-04-10,0.4327323162274618,😐 중립
유나이티드 렌탈,45.973254006148274,57.423667299117064,56.089768339768334,10.310559006211179,41.147447833287096,7,2024-01-25 ~ 2025-02-18,0.37948717948717947,😐 중립
휴매나,45.968981716332756,47.13675276159593,47.700835654596105,42.680363115145724,42.679572922864054,26,2024-01-01 ~ 2025-05-23,0.40770745003028463,😐 중립
윌리엄스-소노마,45.85808683575373,44.67624535446559,61.34492089925061,26.753623188405797,42.333877865111425,15,2024-03-12 ~ 2025-06-17,0.34660894660894664,😐 중립
힐튼 월드와이드 홀딩스,45.66328405365676,54.895616987079805,57.06782945736434,11.73913043478261,42.36862334659011,7,2024-04-24 ~ 2025-07-08,0.5025974025974026,😐 중립
씨게이트 테크놀로지,45.5368329557092,53.13589927565672,55.23255813953488,17.989836250705817,41.14738553444883,11,2024-02-07 ~ 2024-05-01,0.5584415584415584,😐 중립
셈프라 에너지,45.49639911324114,55.756066889188276,53.26061452513967,15.62456866804693,40.90874266414548,9,2024-07-02 ~ 2025-05-14,0.6293952180028128,😐 중립
아처-대니얼스-미들랜드,45.45494336158551,62.598094032753885,48.309426229508205,8.881987577639752,41.46480364103537,7,2024-01-22 ~ 2024-12-02,0.22131519274376418,😐 중립
도미노 피자,45.39805298068107,53.03385751957936,53.00000000000001,19.808018068887634,43.22906359071793,11,2025-07-20 ~ 2025-07-29,0.2828282828282828,😐 중립
사우스웨스트 에어라인,45.336290166605984,45.658361058734876,55.52744886975242,31.07531055900621,41.99648970385061,16,2024-03-12 ~ 2025-07-08,0.3606366459627329,😐 중립
콜게이트-팜올리브,45.016243772302865,52.446625494539575,54.1044908848377,17.989836250705817,42.082790588945564,11,2024-01-26 ~ 2025-04-13,0.4615226759696286,😐 중립
리젠시 센터,44.92865389309008,50.55396820298224,53.789707515734904,22.27743271221532,41.14667814733649,12,2024-04-03 ~ 2025-05-28,0.5359126984126985,😐 중립
시티즌스 파이낸셜 그룹,44.749346497096184,49.47109997614353,59.223749999999995,14.664596273291925,42.60862251980387,10,2024-01-05 ~ 2025-06-05,0.2321083172147002,😐 중립
니소스,44.65188298856166,45.31688426669297,56.293997776954434,26.961299569995223,42.4467003479909,13,2024-06-19 ~ 2025-06-04,0.5931868131868131,😐 중립
M&T 뱅크,44.64198894223943,45.7891788397485,56.81200317965024,25.74534161490683,41.33648129463588,14,2024-01-12 ~ 2024-08-14,0.4179401993355482,😐 중립
애질런트 테크놀로지스,44.32408270077216,59.35207288716067,47.02320675105486,11.498447204968944,41.76602079597642,8,2024-02-05 ~ 2025-07-20,0.1673728813559322,😐 중립
컨스텔레이션 브랜드,44.28671111975569,48.9217147874004,45.25100709764051,35.66313481914505,40.100961116743626,17,2024-03-03 ~ 2025-05-23,0.6875494592455818,😐 중립
몬델리즈 인터내셔널,44.13896754982562,49.95095993406222,51.22212873369794,23.44438170525127,41.03068615041095,11,2024-05-06 ~ 2025-03-30,0.6588137472283814,😐 중립
로퍼 테크놀로지,44.13642966348129,55.08387663992012,54.5,7.105590062111801,43.31760995090877,5,2024-01-14 ~ 2024-01-15,0.4,😐 중립
맥코믹,44.12318018257718,46.37890219133722,49.37605042016806,33.278122843340235,41.031796113238265,18,2025-03-16 ~ 2025-07-17,0.42999096657633246,😐 중립
라스베가스 샌즈,44.098444616492785,53.35264785635733,52.882701421800945,13.402346445824708,42.12105758244636,9,2024-01-09 ~ 2024-10-01,0.3525480367585631,😐 중립
페이첵스,44.05449283993318,52.106649672504716,55.538335158817084,11.325051759834368,42.85322071319302,6,2024-03-23 ~ 2025-06-24,0.6644832605531296,😐 중립
엔페이즈 에너지,43.98707494411744,48.18328595459461,42.96289783717249,38.13099943534726,41.98691324058393,22,2024-01-04 ~ 2025-06-17,0.48773584905660383,😐 중립
프록터 앤드 갬블,43.92576671194551,46.34834311354593,49.842473745624275,30.957252466203872,42.422368495990916,17,2025-03-29 ~ 2025-07-29,0.41321118611378976,😐 중립
슐럼버거,43.74726917551331,45.59973929712416,48.170195439739416,34.35093167701863,41.86128489338087,20,2024-12-08 ~ 2025-04-22,0.22740740740740736,😐 중립
얼라인 테크놀로지,43.744584767108556,55.16824366240178,51.65798045602605,9.658385093167702,42.48216146706483,6,2024-02-26 ~ 2025-07-29,0.5915221579961465,😐 중립
매치 그룹,43.58940021310527,55.917961908385465,53.0,5.105590062111801,43.01097437328723,5,2025-07-14 ~ 2025-07-20,0.3666666666666667,😐 중립
코테라 에너지,43.326466280099865,49.444729872918174,56.608144796380095,11.325051759834368,43.011205400516914,6,2024-04-16 ~ 2025-01-15,0.6721411192214112,😐 중립
온 세미컨덕터,43.283364171918464,49.699461397716654,36.39370748299319,41.619875776397514,41.6149221265434,25,2024-11-04 ~ 2025-04-14,0.4382608695652174,😐 중립
보스턴 프로퍼티,43.15073047921158,50.25658515787651,59.149560117302045,5.105590062111801,42.82110368447999,5,2024-02-06 ~ 2024-10-23,0.26230769230769235,😐 중립
코르테바,42.78241386042304,52.145348894315134,54.109254498714655,7.105590062111801,42.703799406602265,5,2024-04-16 ~ 2025-07-25,0.5019354838709678,😐 중립
크로락스,42.77876555780626,48.82836979881467,51.56490384615384,17.989836250705817,41.79979234293077,11,2024-01-20 ~ 2025-02-12,0.3888759055854172,😐 중립
고대디,42.70049052413478,48.67619600033374,55.88188976377952,11.498447204968944,41.657557538736384,8,2024-06-09 ~ 2025-03-30,0.21598639455782315,😐 중립
제뉴인 파츠,42.53024604854399,49.001327530240985,58.09268292682927,7.105590062111801,40.80792145976451,5,2024-04-18 ~ 2025-05-18,0.5189873417721519,😐 중립
리전스 파이낸셜,42.46087409168877,46.61136654629108,58.17288732394367,10.310559006211179,43.02349474746995,7,2024-01-31 ~ 2025-07-15,0.3820285176217379,😐 중립
윌리스 타워스 왓슨,42.374327683679226,49.44124197141622,53.276113013698634,11.498447204968944,43.15307550009356,8,2024-01-08 ~ 2025-02-08,0.36775818639798485,😐 중립
에디슨 인터내셔널,42.31596696161696,46.9901420703332,50.68518518518518,20.664596273291927,41.814353232697385,10,2024-04-18 ~ 2025-01-13,0.76,😐 중립
아메리칸 엑스프레스,42.30478362239991,44.22483153619167,59.0,12.991718426501036,43.16507322623035,6,2024-05-07 ~ 2025-01-14,0.8333333333333334,😐 중립
알파벳 C주,41.54872455423382,47.348179287462116,50.30337078651685,17.989836250705817,39.204743531527484,11,2024-07-24 ~ 2024-10-15,0.0974808324205915,😐 중립
테이크-투 인터랙티브 소프트웨어,40.728349370358465,47.652390315740284,52.17021276595746,8.881987577639752,42.39931898747166,7,2024-04-08 ~ 2024-12-03,0.3090257023311417,😐 중립
데본 에너지,40.514351236602025,46.88134546721315,50.425048669695,11.73913043478261,42.86472361851744,7,2024-02-29 ~ 2025-04-05,0.5489846811542572,😐 중립
옴니콤 그룹,40.305440806499185,44.463833785399636,49.20588235294118,17.664596273291927,42.25223331798589,10,2024-08-07 ~ 2025-06-09,0.55,😐 중립
트랙터 서플라이,39.65032521586486,47.84965927155145,47.96686746987951,9.105590062111801,42.99283253858066,5,2024-01-12 ~ 2025-05-10,0.5487603305785125,⚠️ 약간 악재
몰리나 헬스케어,38.252097150066675,51.687356958584736,38.99056603773585,8.881987577639752,41.03587039784073,7,2024-07-16 ~ 2025-07-06,0.36257545271629776,⚠️ 약간 악재
